<?xml version="1.0" encoding="UTF-8"?>
<Configuration status="WARN">
    <Appenders>
        <RollingFile name="RollingFile"
                     fileName="logs/app.log"
                     filePattern="logs/app-%d{yyyy-MM-dd}.log.gz">
            <PatternLayout pattern="%d{yyyy-MM-dd HH:mm:ss} [%t] %-5level %logger{36} - %msg%n"/>

            <Policies>
                <TimeBasedTriggeringPolicy interval="1" modulate="true"/>
            </Policies>

            <DefaultRolloverStrategy max="10">
                <Delete basePath="logs" maxDepth="1">
                    <IfLastModified age="10d"/>
                </Delete>
            </DefaultRolloverStrategy>
        </RollingFile>

        <Console name="Console" target="SYSTEM_OUT">
            <PatternLayout pattern="%d{HH:mm:ss} %-5level %logger{36} - %msg%n"/>
        </Console>
    </Appenders>

    <Loggers>
        <Root level="debug">
            <AppenderRef ref="RollingFile"/>
            <AppenderRef ref="Console"/>
        </Root>
    </Loggers>
</Configuration>
