<?xml version="1.0" encoding="UTF-8"?>
<Configuration status="WARN">
	<Appenders>

		<Console name="ConsoleLogger">
			<PatternLayout>
				<Pattern>%d [%t] %-5level %logger{36} - %msg%n
				</Pattern>
			</PatternLayout>
		</Console>

		<RollingFile name="RollingFileLogger"
			fileName="logs/app.log" filePattern="logs/app-%d{yyyy-MM-dd}.log.gz">
			<PatternLayout>
				<Pattern>%d{yyyy-MM-dd HH:mm:ss} [%t] %-5level %logger{36} - %msg%n
				</Pattern>
			</PatternLayout>
			<Policies>
				<TimeBasedTriggeringPolicy interval="1"
					modulate="true" />
			</Policies>
			<DefaultRolloverStrategy max="30">
				<Delete basePath="logs" maxDepth="1">
					<IfFileName glob="app-*.log.gz" />
					<IfLastModified age="30d" />
				</Delete>
			</DefaultRolloverStrategy>
		</RollingFile>
	</Appenders>

	<Loggers>
		<Root level="info">
			<AppenderRef ref="ConsoleLogger" />
			<AppenderRef ref="RollingFileLogger" />
		</Root>
	</Loggers>
</Configuration>



